Email,שם מלא,גיל,מספר טלפון,איך אתה מגדיר את עצמך,אזור נוח למפגש,ימים נוחים לפגישה,מגבלות תזונתיות,טווח תקציב,שפת המפגש,מקצוע/תחום,שלב בחיים,סטטוס,תפקיד בקבוצה,פתיחות במפגש עם זרים,אנרגיה בסוף יום,נעים לי עם דעות שונות,כמה בא לי לצאת מאזור הנוחות,ספונטניות מול תכנון,אני אדם מופנם,אני אדם יצירתי,אני נוטה ללחץ,יש לי עבודה מדהימה,חשיבות הומור,חשיבות רוחניות,אני אוהב להתאמן,נהנה יותר בעיר/טבע,נהנה משיח פוליטי,מה עושה לך הכי טוב,מה הייתי רוצה לחוות החודש,סיבת הצטרפות,תדירות בדידות,איך מרגיש להכיר חדשים,במסעדה חדשה,לב או ראש,טעם בקולנוע,ערב אידיאלי,איך אוהב לבלות עם חדשים,איך מתמודד עם שתיקות,מה הייתי רוצה ללמוד,מה הכי הייתי שמח שיקרה,האם אביא חבר,אם כן - לשבת יחד,הערות נוספות
ytn40@example.net,אדר שורץ,37,057 035 4857,גבר,מרכז,"רביעי, שני, ראשון",טבעוני/ת,בינוני ונוח,גם וגם,סטודנט/ית,עובד/ת ומבוסס/ת,It's complicated,השואל/ת שאלות,נושאים כלליים,2,3,6,1,3,5,3,9,1,10,8,10,2,"מוזיקה, קולנוע","הרפתקה, בר משחקים",לגלות את העיר,מדי פעם,מלחיץ,מוכרת ואהובה,ראש,מיינסטרים,מתוכנן מראש,אירוע גדול,תלוי בסיטואציה,שפה חדשה,"לצחוק הרבה, לקבל השראה",כן,ביחד,צופעט תוק קוויז.
vytskhqy@example.com,אנאבל ג'בארין,63,024615040,אחר,לא משנה,"שני, שלישי","טבעוני/ת, ללא גלוטן",מיוחד ומושקע,גם וגם,טכנולוגיה,בתקופת מעבר,בזוגיות,השואל/ת שאלות,לשתף תחביבים,10,3,2,4,5,5,10,7,4,8,10,3,1,"אמנות, קולנוע","ארוחת ערב, גלריה, בר משחקים",להכיר חברים,מדי פעם,טבעי,מוכרת ואהובה,לב,מיינסטרים,ספונטני,פעילות משותפת,נותן לשקט מקום,נגינה,"שיחה משמעותית, לקבל השראה, לגלות מקום חדש",לא,נפרד,איף נונסטי תוק קוויז השמה בגורמי.
khnvkvkhyvn@example.org,אריאל זילברמן,34,02-1929-270,אחר,צפון ת״א,"שלישי, רביעי, ראשון","כשר, צמחוני/ת",קליל ונגיש,גם וגם,סטודנט/ית,בתקופת מעבר,It's complicated,המקשיב/ה,לשתף רגשות אינטימיות,2,2,8,1,9,6,7,4,9,2,9,4,5,טכנולוגיה,ערב מוזיקה,לגלות את העיר,לעיתים קרובות,טבעי,מיוחדת וחדשה,לב,אינדי,ספונטני,קבוצה קטנה,תלוי בסיטואציה,שפה חדשה,"להרגיש נוחות וביטחון, לצחוק הרבה, קליק עם מישהו, לקבל השראה",כן,ביחד,לקטוס אלית לרטי מנק מנכם.
vyysyvt@example.org,אלרואי מנשה,35,02-6867-778,גבר,מרכז,"שני, חמישי","טבעוני/ת, כשר",מיוחד ומושקע,גם וגם,סטודנט/ית,חדש/ה בעיר,It's complicated,שילוב,לשתף רגשות אינטימיות,4,4,9,7,6,4,9,6,2,3,9,3,2,"קהילה, טכנולוגיה, משחקים","ערב חוף, בר משחקים",למצוא דומים לי,אף פעם,מלחיץ,מוכרת ואהובה,לב,אינדי,ספונטני,טיול בחוץ,נותן לשקט מקום,"בישול, שפה חדשה","להרגיש נוחות וביטחון, לגלות מקום חדש",כן,נפרד,יבש דומור קלובר בראיט הבקיץ.
zgvrymyyn@example.com,נדב קדוש,37,058-3581994,גבר,לא משנה,"שני, רביעי, ראשון","אלרגיות, כשר",קליל ונגיש,גם וגם,אחר,בתקופת מעבר,רווק/ה,המקשיב/ה,לשתף תחביבים,6,6,10,7,3,1,1,5,10,7,3,4,7,"ספורט, טיולים, קולינריה",בר משחקים,להכיר שונים ממני,אף פעם,מלחיץ,מוכרת ואהובה,לב,אינדי,מסיבה/בר,טיול בחוץ,נותן לשקט מקום,"ספורט, בישול","לגלות מקום חדש, קליק עם מישהו, לקבל השראה, לצחוק הרבה",כן,ביחד,אגת דול למרקל דז שערש.
dhnmnvl@example.com,אפק נוימן,48,0529086742,אשה,צפון ת״א,"רביעי, חמישי, שני","כשר, ללא גלוטן",קליל ונגיש,אנגלית בלבד,מסעדנות,סטודנט/ית,בזוגיות,המספר/ת סיפורים,נושאים כלליים,1,3,8,7,3,2,7,7,3,6,9,2,5,"מוזיקה, ספורט","ערב חוף, ארוחת ערב",למצוא דומים לי,מדי פעם,מלחיץ,מיוחדת וחדשה,ראש,מיינסטרים,רגוע בבית,אירוע גדול,ממלא מיד,"בישול, נגינה","שיחה משמעותית, לקבל השראה",כן,ביחד,תצטנפל וחאית מונפרר סתשם סוברט.
ytnmyrh@example.org,חוה קאופמן,49,089603630,אחר,צפון ת״א,"רביעי, חמישי",כשר,קליל ונגיש,עברית בלבד,בריאות,סטודנט/ית,רווק/ה,המקשיב/ה,לספר חוויות,1,8,6,8,5,7,8,1,10,1,1,3,10,"קהילה, קולינריה","ארוחת ערב, ערב מוזיקה",לצאת מהשגרה,לפעמים רחוקות,מרגש,מוכרת ואהובה,לב,אינדי,רגוע בבית,טיול בחוץ,נותן לשקט מקום,אמנות,"לגלות מקום חדש, להרגיש שייך, לצחוק הרבה",כן,ביחד,מורגם קוויז סילקוף מורגם.
bygylvdh@example.com,רות וינברג,45,086211287,אחר,לא משנה,"חמישי, שלישי, רביעי",אין,בינוני ונוח,עברית בלבד,בריאות,חדש/ה בעיר,רווק/ה,המספר/ת סיפורים,לשתף תחביבים,7,4,1,5,10,5,9,8,1,9,3,6,7,קהילה,בר משחקים,למצוא דומים לי,לעיתים קרובות,תלוי במצב רוח,מוכרת ואהובה,ראש,מיינסטרים,מסיבה/בר,פעילות משותפת,תלוי בסיטואציה,"נגינה, שפה חדשה","קליק עם מישהו, לגלות מקום חדש, להרגיש שייך",לא,נפרד,לפתיעם תצטנפל וסתעד ליבם לרטי דיאם.
fshryqy@example.com,יהלי מחאמיד,33,033527923,אחר,דרום,"רביעי, שני",ללא גלוטן,מיוחד ומושקע,אנגלית בלבד,מסעדנות,בתקופת מעבר,It's complicated,המספר/ת סיפורים,לשתף רגשות אינטימיות,10,10,5,6,8,10,5,7,6,4,10,1,9,אמנות,"ארוחת ערב, גלריה, הרפתקה",למצוא דומים לי,אף פעם,טבעי,מיוחדת וחדשה,לב,מיינסטרים,מתוכנן מראש,קבוצה קטנה,ממלא מיד,נגינה,"שיחה משמעותית, להרגיש שייך, לגלות מקום חדש, קליק עם מישהו",כן,נפרד,לכימפו גולר מוסן בראיט.
gbryhkhmd@example.org,סארה אהרון,46,056-8969546,אחר,צפון ת״א,שלישי,"צמחוני/ת, טבעוני/ת",מיוחד ומושקע,גם וגם,אמנות,חדש/ה בעיר,It's complicated,המספר/ת סיפורים,לספר חוויות,8,4,1,9,2,10,8,6,8,1,6,9,9,מוזיקה,"ערב חוף, ערב מוזיקה, גלריה",לצאת מהשגרה,לפעמים רחוקות,תלוי במצב רוח,מוכרת ואהובה,לב,מיינסטרים,מסיבה/בר,טיול בחוץ,תלוי בסיטואציה,שפה חדשה,"לקבל השראה, להרגיש נוחות וביטחון, לגלות מקום חדש, שיחה משמעותית",לא,נפרד,התידם פוסיליס ברומץ.
hds40@example.net,ברוך ברנס,54,027293170,גבר,לא משנה,שני,"כשר, אלרגיות",בינוני ונוח,עברית בלבד,טכנולוגיה,עובד/ת ומבוסס/ת,בזוגיות,המספר/ת סיפורים,לשתף רגשות אינטימיות,2,8,2,2,1,10,2,9,9,8,3,5,1,קולנוע,"גלריה, ארוחת ערב, בר משחקים",למצוא דומים לי,מדי פעם,טבעי,מוכרת ואהובה,לב,אינדי,ספונטני,קבוצה קטנה,תלוי בסיטואציה,"נגינה, ספורט","שיחה משמעותית, להרגיש שייך, קליק עם מישהו",לא,ביחד,למרקל מנק לכנוץ שמחויט אקווזמן נובש אלית.
ptmh06@example.org,שלמה אוחיון,47,039465786,אחר,מרכז,"שלישי, ראשון, שני",צמחוני/ת,מיוחד ומושקע,עברית בלבד,מסעדנות,עובד/ת ומבוסס/ת,בזוגיות,המספר/ת סיפורים,לשתף תחביבים,7,8,5,5,9,5,10,7,5,10,2,5,8,קהילה,"ארוחת ערב, ערב חוף",להכיר חברים,לעיתים קרובות,טבעי,מיוחדת וחדשה,ראש,מיינסטרים,ספונטני,קבוצה קטנה,נותן לשקט מקום,"ספורט, נגינה","קליק עם מישהו, לקבל השראה, להרגיש שייך",לא,ביחד,תרבנך לתכי להאמית מנורך ולחת סוברט מנק.
vkhyvnpnkhs@example.org,שמואל דניאל נתן,35,053 973-6508,אשה,דרום,חמישי,"אלרגיות, צמחוני/ת",קליל ונגיש,אנגלית בלבד,אחר,סטודנט/ית,בזוגיות,המספר/ת סיפורים,לספר חוויות,5,8,9,9,4,2,7,6,9,3,3,6,4,"ספרות, קולינריה","גלריה, ערב מוזיקה",לגלות את העיר,לפעמים רחוקות,מלחיץ,מיוחדת וחדשה,לב,אינדי,רגוע בבית,אירוע גדול,ממלא מיד,שפה חדשה,"קליק עם מישהו, לקבל השראה, להרגיש שייך, לגלות מקום חדש",לא,ביחד,שהכים הדש לתיג מוסן.
mykl45@example.org,עמית כהן,22,055-449-8522,אשה,דרום,"שני, חמישי, שלישי","אלרגיות, ללא גלוטן",קליל ונגיש,גם וגם,אמנות,בתקופת מעבר,רווק/ה,השואל/ת שאלות,נושאים כלליים,2,1,5,10,6,4,7,7,1,5,1,9,1,טכנולוגיה,"גלריה, ערב חוף",להכיר חברים,אף פעם,תלוי במצב רוח,מוכרת ואהובה,לב,מיינסטרים,מסיבה/בר,פעילות משותפת,תלוי בסיטואציה,ספורט,"קליק עם מישהו, להרגיש שייך",לא,נפרד,סילקוף לפמעט לתכי אמט דומור.
khnshmvl@example.org,אהרון שלום,35,08-9683-288,אחר,דרום,ראשון,צמחוני/ת,קליל ונגיש,אנגלית בלבד,סטודנט/ית,בתקופת מעבר,רווק/ה,המספר/ת סיפורים,נושאים כלליים,1,8,10,9,4,7,6,2,8,10,2,3,10,"ספורט, משחקים, קולינריה","הרפתקה, ערב חוף, ערב מוזיקה",לצאת מהשגרה,לעיתים קרובות,תלוי במצב רוח,מוכרת ואהובה,ראש,אינדי,רגוע בבית,טיול בחוץ,תלוי בסיטואציה,"בישול, ספורט","שיחה משמעותית, לצחוק הרבה, לגלות מקום חדש, לקבל השראה",לא,נפרד,צופעט מנת דומור נולום מונחף אגת.
fys@example.com,תום סגל,22,057-0823665,גבר,מרכז,"ראשון, חמישי, שלישי",טבעוני/ת,קליל ונגיש,אנגלית בלבד,סטודנט/ית,בתקופת מעבר,בזוגיות,המקשיב/ה,לשתף רגשות אינטימיות,3,3,3,6,7,6,8,10,10,2,6,1,2,טכנולוגיה,"ערב מוזיקה, גלריה",להכיר שונים ממני,אף פעם,מרגש,מיוחדת וחדשה,לב,מיינסטרים,מתוכנן מראש,קבוצה קטנה,ממלא מיד,בישול,"להרגיש נוחות וביטחון, לגלות מקום חדש, קליק עם מישהו, להרגיש שייך",כן,ביחד,סאפיאן בעליק ומעיוט בריקנה.
kdrvr@example.org,בתיה ביטון,53,0553359729,גבר,דרום,חמישי,כשר,קליל ונגיש,עברית בלבד,אחר,עובד/ת ומבוסס/ת,רווק/ה,שילוב,נושאים כלליים,10,4,8,1,10,2,10,9,6,5,4,5,6,"טכנולוגיה, קהילה, מוזיקה",הרפתקה,להכיר חברים,אף פעם,תלוי במצב רוח,מוכרת ואהובה,ראש,אינדי,מסיבה/בר,טיול בחוץ,ממלא מיד,אמנות,"לגלות מקום חדש, להרגיש שייך, לצחוק הרבה",לא,נפרד,תוק ארווס קונדימנטום ישבעס.
shtrytnkhmn@example.net,מיכאל סעדי,40,026271625,אשה,דרום,"שלישי, חמישי, רביעי","אלרגיות, טבעוני/ת",בינוני ונוח,עברית בלבד,בריאות,חדש/ה בעיר,בזוגיות,המספר/ת סיפורים,לשתף תחביבים,10,10,1,5,4,1,9,6,9,9,7,7,5,"קולנוע, משחקים","בר משחקים, ארוחת ערב",להכיר חברים,לפעמים רחוקות,מלחיץ,מוכרת ואהובה,לב,מיינסטרים,מתוכנן מראש,אירוע גדול,ממלא מיד,אמנות,"קליק עם מישהו, להרגיש שייך, לצחוק הרבה",כן,נפרד,מנת נולום איף גדדיש קלובר הכייר קרהשק.
shy-lybrmvb@example.com,נועם מלול,43,056-5732989,אשה,דרום,"שני, ראשון, שלישי",אין,קליל ונגיש,אנגלית בלבד,אחר,סטודנט/ית,It's complicated,השואל/ת שאלות,נושאים כלליים,2,6,9,3,3,5,10,6,2,7,3,4,3,"אמנות, משחקים, טיולים","בר משחקים, ערב מוזיקה",להכיר שונים ממני,מדי פעם,תלוי במצב רוח,מוכרת ואהובה,לב,מיינסטרים,מתוכנן מראש,פעילות משותפת,תלוי בסיטואציה,בישול,"לקבל השראה, לצחוק הרבה",לא,נפרד,אגת ליאמום בגורמי דלאמת.
jsbg@example.com,אילון אגבאריה,51,057-0384450,גבר,דרום,ראשון,טבעוני/ת,בינוני ונוח,גם וגם,מסעדנות,בתקופת מעבר,רווק/ה,המקשיב/ה,לספר חוויות,7,6,1,6,5,9,2,2,10,4,5,10,7,"משחקים, קהילה","ארוחת ערב, גלריה, ערב חוף",לצאת מהשגרה,לעיתים קרובות,מרגש,מיוחדת וחדשה,לב,אינדי,מתוכנן מראש,פעילות משותפת,תלוי בסיטואציה,נגינה,"לקבל השראה, להרגיש נוחות וביטחון",כן,נפרד,קורוס מא צופעט ליץ קראס אקווזמן זותה התידם.
cgbryn@example.com,ניצן דגן,53,055-046-7030,אשה,צפון ת״א,ראשון,טבעוני/ת,מיוחד ומושקע,גם וגם,סטודנט/ית,בתקופת מעבר,רווק/ה,המקשיב/ה,לשתף תחביבים,4,1,5,1,5,5,7,2,5,3,9,7,1,"ספרות, אמנות, מוזיקה",גלריה,להכיר חברים,לפעמים רחוקות,מלחיץ,מוכרת ואהובה,ראש,מיינסטרים,מתוכנן מראש,פעילות משותפת,תלוי בסיטואציה,"בישול, נגינה","לקבל השראה, לצחוק הרבה, לגלות מקום חדש, להרגיש שייך",כן,ביחד,סולגק אקווזמן סטום למרקל טידום.
ntnlmvr@example.org,מנור סופר,26,097913996,גבר,דרום,"שלישי, שני, חמישי","כשר, אין",מיוחד ומושקע,אנגלית בלבד,בריאות,חדש/ה בעיר,בזוגיות,שילוב,לשתף רגשות אינטימיות,6,6,7,7,8,4,9,2,7,3,9,8,6,טיולים,ארוחת ערב,להכיר חברים,לפעמים רחוקות,טבעי,מוכרת ואהובה,ראש,אינדי,מתוכנן מראש,אירוע גדול,ממלא מיד,"ספורט, אמנות","לגלות מקום חדש, לצחוק הרבה",כן,נפרד,בלינדו ליבם סילקוף.
bygylhrry@example.org,שני כהן,47,059-7169120,גבר,מרכז,"רביעי, שלישי, ראשון",אלרגיות,מיוחד ומושקע,עברית בלבד,סטודנט/ית,חדש/ה בעיר,It's complicated,השואל/ת שאלות,לשתף תחביבים,9,4,7,5,8,4,5,2,5,9,4,9,1,"קהילה, טכנולוגיה, קולינריה",ערב מוזיקה,להכיר חברים,מדי פעם,מרגש,מוכרת ואהובה,לב,מיינסטרים,מתוכנן מראש,קבוצה קטנה,ממלא מיד,"נגינה, שפה חדשה","לצחוק הרבה, שיחה משמעותית",לא,נפרד,לתכי אדיפיסינג תצטריק למרקל.
mytyzvby@example.net,ליאל שדה,52,053 032-7550,גבר,לא משנה,"ראשון, שלישי, שני",כשר,קליל ונגיש,עברית בלבד,סטודנט/ית,חדש/ה בעיר,רווק/ה,שילוב,לשתף רגשות אינטימיות,7,6,8,3,2,6,9,6,1,8,3,7,8,משחקים,"גלריה, ערב חוף",להכיר שונים ממני,מדי פעם,תלוי במצב רוח,מוכרת ואהובה,לב,מיינסטרים,מתוכנן מראש,אירוע גדול,ממלא מיד,בישול,"להרגיש שייך, לקבל השראה, לצחוק הרבה",לא,ביחד,בלינדו שבצק הכייר אקווזמן.
rhprbybv@example.com,תומר הופמן,37,035415067,אשה,מרכז,רביעי,ללא גלוטן,בינוני ונוח,עברית בלבד,אמנות,בתקופת מעבר,בזוגיות,השואל/ת שאלות,לספר חוויות,4,7,1,5,5,2,8,9,4,3,10,3,4,טיולים,הרפתקה,להכיר חברים,מדי פעם,טבעי,מוכרת ואהובה,ראש,מיינסטרים,רגוע בבית,קבוצה קטנה,ממלא מיד,שפה חדשה,"לגלות מקום חדש, להרגיש נוחות וביטחון",כן,נפרד,ניבאה איאקוליס קרהשק קרהשק דז ישבעס אדנדום.
lbrgl@example.org,עתי כספי,26,051 910 0029,אשה,מרכז,"ראשון, רביעי, שני",טבעוני/ת,בינוני ונוח,גם וגם,אמנות,סטודנט/ית,בזוגיות,שילוב,לספר חוויות,5,5,5,3,2,9,10,8,3,2,5,2,7,"קולינריה, טיולים, ספרות","ערב חוף, גלריה",להכיר חברים,לעיתים קרובות,טבעי,מוכרת ואהובה,לב,אינדי,ספונטני,קבוצה קטנה,נותן לשקט מקום,"ספורט, שפה חדשה","להרגיש נוחות וביטחון, לצחוק הרבה",לא,נפרד,לפתיעם ותלברו איאקוליס שערש קורוס איבן.
ntnlpryd@example.com,ליאור דגן,40,053-967-0391,אחר,צפון ת״א,רביעי,ללא גלוטן,קליל ונגיש,גם וגם,טכנולוגיה,סטודנט/ית,רווק/ה,שילוב,לשתף רגשות אינטימיות,10,3,10,10,8,8,9,5,5,6,8,6,10,ספורט,"ערב חוף, בר משחקים, ערב מוזיקה",לגלות את העיר,לעיתים קרובות,תלוי במצב רוח,מוכרת ואהובה,לב,מיינסטרים,מתוכנן מראש,טיול בחוץ,ממלא מיד,שפה חדשה,"קליק עם מישהו, להרגיש נוחות וביטחון, שיחה משמעותית",כן,ביחד,וחאית גק ניסי.
bytvnyskh@example.com,אמיתי כהן,35,086303573,אחר,צפון ת״א,"שני, שלישי, ראשון","ללא גלוטן, אלרגיות",קליל ונגיש,גם וגם,אחר,בתקופת מעבר,It's complicated,המקשיב/ה,לשתף רגשות אינטימיות,2,1,3,7,2,10,3,8,4,5,4,6,6,קולינריה,"גלריה, הרפתקה, בר משחקים",להכיר חברים,לפעמים רחוקות,טבעי,מוכרת ואהובה,ראש,אינדי,מתוכנן מראש,אירוע גדול,נותן לשקט מקום,"ספורט, נגינה","להרגיש נוחות וביטחון, לקבל השראה",כן,ביחד,שבצק אקווזמן להאמית אמט ניבאה ערששף.
yvb37@example.org,כרמל צמח,30,0546679020,גבר,דרום,שני,"ללא גלוטן, כשר",מיוחד ומושקע,גם וגם,מסעדנות,בתקופת מעבר,רווק/ה,המספר/ת סיפורים,לשתף רגשות אינטימיות,9,3,2,3,1,10,5,5,3,4,9,7,1,"קולנוע, ספרות, מוזיקה",בר משחקים,להכיר חברים,אף פעם,טבעי,מיוחדת וחדשה,ראש,אינדי,מסיבה/בר,קבוצה קטנה,תלוי בסיטואציה,"בישול, ספורט","קליק עם מישהו, לצחוק הרבה, להרגיש נוחות וביטחון, שיחה משמעותית",לא,נפרד,בלינדו מונפרר לפמעט מוסן.
myhnyr@example.com,אלה רפאל,32,020104856,אחר,דרום,"שלישי, חמישי","כשר, טבעוני/ת",קליל ונגיש,עברית בלבד,אחר,בתקופת מעבר,בזוגיות,שילוב,נושאים כלליים,3,1,1,6,10,4,2,10,7,4,1,5,9,"ספורט, ספרות, טיולים",ערב חוף,לצאת מהשגרה,לעיתים קרובות,מרגש,מיוחדת וחדשה,לב,אינדי,ספונטני,פעילות משותפת,נותן לשקט מקום,"נגינה, ספורט","להרגיש שייך, לצחוק הרבה",כן,נפרד,קרהשק קלאצי כאנה בעליק להאמית כלרשט וק.
dmzvly@example.com,שלמה הלוי,20,059 8106494,אשה,מרכז,"רביעי, שלישי","אין, כשר",מיוחד ומושקע,אנגלית בלבד,אחר,בתקופת מעבר,רווק/ה,המקשיב/ה,לשתף רגשות אינטימיות,8,10,4,1,9,6,5,6,5,7,2,7,6,"אמנות, ספרות, טכנולוגיה",ארוחת ערב,להכיר חברים,לעיתים קרובות,תלוי במצב רוח,מיוחדת וחדשה,לב,אינדי,מסיבה/בר,קבוצה קטנה,נותן לשקט מקום,שפה חדשה,"לצחוק הרבה, שיחה משמעותית",כן,נפרד,קוויז קוויס קראס סטום בורק? סת סילקוף.
bytrshtryt@example.org,יהונתן אסולין,27,02-3641-426,גבר,לא משנה,רביעי,"ללא גלוטן, אין",בינוני ונוח,עברית בלבד,מסעדנות,חדש/ה בעיר,בזוגיות,המספר/ת סיפורים,לשתף תחביבים,2,9,5,2,6,8,3,10,6,5,8,7,6,קולנוע,ארוחת ערב,להכיר שונים ממני,אף פעם,מלחיץ,מוכרת ואהובה,ראש,מיינסטרים,מתוכנן מראש,אירוע גדול,תלוי בסיטואציה,"שפה חדשה, נגינה","קליק עם מישהו, להרגיש נוחות וביטחון, להרגיש שייך",לא,נפרד,לורם דומור הכייר סת גק ליאמום.
shyrh56@example.org,תאיר שטרן,35,030494664,אשה,מרכז,שני,ללא גלוטן,מיוחד ומושקע,גם וגם,מסעדנות,בתקופת מעבר,It's complicated,המספר/ת סיפורים,לשתף תחביבים,10,3,1,8,3,9,9,5,10,10,9,5,1,"ספורט, קהילה, אמנות",בר משחקים,למצוא דומים לי,מדי פעם,מרגש,מיוחדת וחדשה,ראש,מיינסטרים,מתוכנן מראש,אירוע גדול,ממלא מיד,שפה חדשה,"שיחה משמעותית, לקבל השראה, קליק עם מישהו",לא,נפרד,זותה ותלברו הבקיץ לרטי אלית השמה.
kdhn@example.org,הראל מסרי,58,08-4775-980,אשה,צפון ת״א,רביעי,צמחוני/ת,מיוחד ומושקע,אנגלית בלבד,סטודנט/ית,חדש/ה בעיר,It's complicated,המספר/ת סיפורים,לספר חוויות,6,9,8,5,10,6,8,5,3,7,5,7,2,טיולים,"ארוחת ערב, בר משחקים",להכיר שונים ממני,לפעמים רחוקות,מרגש,מוכרת ואהובה,לב,אינדי,מתוכנן מראש,פעילות משותפת,נותן לשקט מקום,"בישול, שפה חדשה","לגלות מקום חדש, להרגיש נוחות וביטחון, קליק עם מישהו, לצחוק הרבה",כן,נפרד,סחטיר אקווזמן איאקוליס לכנו אדנדום גדדיש סתשם.
lmsry@example.com,נועם מימון,48,09-5054-593,אחר,לא משנה,רביעי,"ללא גלוטן, כשר",בינוני ונוח,עברית בלבד,אמנות,סטודנט/ית,רווק/ה,המספר/ת סיפורים,נושאים כלליים,1,6,5,3,2,7,9,6,2,4,2,2,10,"מוזיקה, קולינריה",הרפתקה,להכיר חברים,לפעמים רחוקות,תלוי במצב רוח,מיוחדת וחדשה,ראש,מיינסטרים,ספונטני,טיול בחוץ,תלוי בסיטואציה,ספורט,"להרגיש נוחות וביטחון, להרגיש שייך, קליק עם מישהו",כן,ביחד,דומור גק איאקוליס בלינך.
mshh24@example.net,יהלי לוי,37,02-6738-377,גבר,לא משנה,שני,"אין, צמחוני/ת",קליל ונגיש,עברית בלבד,בריאות,חדש/ה בעיר,בזוגיות,השואל/ת שאלות,לשתף רגשות אינטימיות,3,6,6,2,1,5,7,2,4,2,8,7,5,"קהילה, ספורט, קולנוע","גלריה, ערב מוזיקה, ארוחת ערב",להכיר שונים ממני,לפעמים רחוקות,טבעי,מוכרת ואהובה,ראש,מיינסטרים,מסיבה/בר,טיול בחוץ,נותן לשקט מקום,נגינה,"לקבל השראה, קליק עם מישהו, להרגיש שייך",כן,נפרד,דיאם למרקל כאנה יהול בלינדו.
brmvblyby@example.com,בר אגבאריה,53,043106420,אחר,לא משנה,"שלישי, רביעי",צמחוני/ת,בינוני ונוח,גם וגם,בריאות,עובד/ת ומבוסס/ת,רווק/ה,המספר/ת סיפורים,לספר חוויות,5,4,1,7,9,5,8,10,8,7,1,8,2,"טכנולוגיה, אמנות","הרפתקה, גלריה, ארוחת ערב",למצוא דומים לי,מדי פעם,מלחיץ,מיוחדת וחדשה,לב,אינדי,מסיבה/בר,אירוע גדול,נותן לשקט מקום,ספורט,"שיחה משמעותית, להרגיש נוחות וביטחון, להרגיש שייך",לא,נפרד,בראיט נשואי ולתיעם אס ניצאחו שהכים למרקוח.
lynytskhq@example.net,נתנאל אורן,58,0540534609,גבר,לא משנה,"שלישי, חמישי, ראשון","צמחוני/ת, טבעוני/ת",קליל ונגיש,גם וגם,סטודנט/ית,חדש/ה בעיר,It's complicated,שילוב,נושאים כלליים,8,5,7,7,6,5,1,1,8,3,9,2,4,"ספורט, משחקים, טיולים","בר משחקים, גלריה, הרפתקה",לגלות את העיר,אף פעם,תלוי במצב רוח,מוכרת ואהובה,ראש,אינדי,ספונטני,קבוצה קטנה,נותן לשקט מקום,"נגינה, אמנות","שיחה משמעותית, לגלות מקום חדש, להרגיש שייך",לא,נפרד,קרהשק ערששף בלינדו ולתיעם למטכין מנכם.
myly80@example.net,ארי צור,52,052-2889378,גבר,דרום,"שני, שלישי","טבעוני/ת, אלרגיות",בינוני ונוח,גם וגם,מסעדנות,סטודנט/ית,It's complicated,המספר/ת סיפורים,לשתף תחביבים,2,10,5,8,4,8,3,6,7,5,8,6,9,אמנות,"ערב חוף, גלריה, ארוחת ערב",לגלות את העיר,אף פעם,תלוי במצב רוח,מיוחדת וחדשה,לב,אינדי,ספונטני,טיול בחוץ,תלוי בסיטואציה,"שפה חדשה, נגינה","לגלות מקום חדש, להרגיש שייך",לא,ביחד,סילקוף רוגצה כלרשט אלית סיט תוק.
gbryngy@example.org,יהונתן שרף,44,057 1243911,אשה,מרכז,"שלישי, רביעי, חמישי","כשר, טבעוני/ת",בינוני ונוח,גם וגם,מסעדנות,חדש/ה בעיר,רווק/ה,המקשיב/ה,נושאים כלליים,2,5,9,8,4,4,5,4,9,7,9,2,1,קולנוע,"הרפתקה, ארוחת ערב",לגלות את העיר,אף פעם,תלוי במצב רוח,מיוחדת וחדשה,לב,מיינסטרים,רגוע בבית,קבוצה קטנה,ממלא מיד,"שפה חדשה, נגינה","להרגיש נוחות וביטחון, לגלות מקום חדש, לקבל השראה, שיחה משמעותית",כן,ביחד,קולהע גדדיש נון סתשם כאנה.
lyn42@example.net,ארבל עיסא,21,09-7754-895,אשה,דרום,"שלישי, שני","כשר, ללא גלוטן",מיוחד ומושקע,אנגלית בלבד,טכנולוגיה,סטודנט/ית,It's complicated,השואל/ת שאלות,לשתף תחביבים,1,10,8,4,9,7,3,2,6,1,3,6,10,"ספרות, טיולים, אמנות","ערב מוזיקה, גלריה",למצוא דומים לי,לעיתים קרובות,מלחיץ,מיוחדת וחדשה,לב,מיינסטרים,מסיבה/בר,אירוע גדול,תלוי בסיטואציה,בישול,"להרגיש נוחות וביטחון, שיחה משמעותית, להרגיש שייך",כן,נפרד,ליאמום דולור ולתיעם אאוגו קלובר מא מוסן.
sdylyb@example.org,דניאלה גבארה,38,03-3699-878,גבר,דרום,"רביעי, שני","צמחוני/ת, טבעוני/ת",בינוני ונוח,גם וגם,מסעדנות,סטודנט/ית,It's complicated,השואל/ת שאלות,לשתף תחביבים,8,7,3,5,7,7,10,5,7,3,8,4,3,"ספורט, משחקים",בר משחקים,להכיר חברים,לפעמים רחוקות,תלוי במצב רוח,מוכרת ואהובה,לב,אינדי,מתוכנן מראש,טיול בחוץ,נותן לשקט מקום,שפה חדשה,"לגלות מקום חדש, לקבל השראה, קליק עם מישהו",לא,נפרד,למרקל נשואי ליאמום וסטיבולום אגת התידם קראס.
shmvl54@example.com,סארה מזרחי,31,04-6675-911,אחר,דרום,רביעי,צמחוני/ת,בינוני ונוח,עברית בלבד,אחר,סטודנט/ית,בזוגיות,המקשיב/ה,לשתף רגשות אינטימיות,3,4,8,9,5,1,4,5,7,7,1,4,5,"ספורט, ספרות, משחקים",ארוחת ערב,להכיר שונים ממני,מדי פעם,טבעי,מוכרת ואהובה,לב,אינדי,רגוע בבית,קבוצה קטנה,תלוי בסיטואציה,אמנות,"קליק עם מישהו, להרגיש שייך, לצחוק הרבה",לא,ביחד,בעריר לקטוס מנכם הדש ישבעס אלית קולורס.
khyymdvytsh@example.com,אסתר יאסין,35,04-4563-060,גבר,מרכז,"שני, רביעי","כשר, אין",קליל ונגיש,אנגלית בלבד,אמנות,עובד/ת ומבוסס/ת,רווק/ה,השואל/ת שאלות,לשתף רגשות אינטימיות,2,3,4,1,9,7,8,2,8,5,3,7,3,"מוזיקה, קהילה, אמנות",גלריה,לצאת מהשגרה,אף פעם,מרגש,מוכרת ואהובה,ראש,אינדי,רגוע בבית,טיול בחוץ,נותן לשקט מקום,"שפה חדשה, אמנות","קליק עם מישהו, לקבל השראה, לגלות מקום חדש",לא,ביחד,שערש אפאח למרקל שלושע הועניב.
lh13@example.com,פאטמה יצחק,28,058 911 0008,גבר,מרכז,"רביעי, ראשון, חמישי",אלרגיות,בינוני ונוח,גם וגם,מסעדנות,עובד/ת ומבוסס/ת,It's complicated,המקשיב/ה,לשתף רגשות אינטימיות,5,1,8,4,1,1,3,2,3,5,1,7,3,קולנוע,"בר משחקים, ערב מוזיקה",להכיר שונים ממני,לעיתים קרובות,מרגש,מוכרת ואהובה,לב,מיינסטרים,מתוכנן מראש,אירוע גדול,תלוי בסיטואציה,אמנות,"קליק עם מישהו, לקבל השראה, להרגיש נוחות וביטחון",לא,נפרד,איף ליץ רוגצה תרבנך וולופטה דולור.
yglytskhqy@example.com,טליה לוי,51,093788270,אשה,לא משנה,רביעי,כשר,מיוחד ומושקע,אנגלית בלבד,אמנות,בתקופת מעבר,רווק/ה,המספר/ת סיפורים,לשתף רגשות אינטימיות,8,7,10,6,1,1,7,6,7,3,1,1,2,"ספרות, ספורט","ערב מוזיקה, בר משחקים",להכיר שונים ממני,לפעמים רחוקות,מלחיץ,מיוחדת וחדשה,ראש,מיינסטרים,מתוכנן מראש,טיול בחוץ,ממלא מיד,"שפה חדשה, בישול","קליק עם מישהו, לגלות מקום חדש, להרגיש נוחות וביטחון, להרגיש שייך",לא,נפרד,הדש דולור ולחת תצטנפל ולחת קורוס הכייר סתשם.
mykltyh@example.com,ריתאג' פרץ,44,08-9979-458,אשה,לא משנה,ראשון,אלרגיות,קליל ונגיש,אנגלית בלבד,בריאות,עובד/ת ומבוסס/ת,רווק/ה,השואל/ת שאלות,נושאים כלליים,8,6,2,2,1,1,1,8,9,6,7,7,7,"מוזיקה, קולנוע, ספרות","הרפתקה, בר משחקים",להכיר שונים ממני,לפעמים רחוקות,מלחיץ,מיוחדת וחדשה,ראש,אינדי,ספונטני,טיול בחוץ,תלוי בסיטואציה,אמנות,"לצחוק הרבה, להרגיש שייך, לקבל השראה",כן,נפרד,ומרגשח זותה כלרשט מרגשי אדיפיסינג סכעיט.
jlypshyts@example.com,עבד לוי,65,089211909,אשה,לא משנה,רביעי,"אלרגיות, אין",קליל ונגיש,עברית בלבד,טכנולוגיה,בתקופת מעבר,It's complicated,המספר/ת סיפורים,לשתף תחביבים,4,2,10,7,7,2,1,2,8,8,5,9,7,"קולינריה, אמנות, טיולים","גלריה, ערב חוף",לגלות את העיר,לפעמים רחוקות,מרגש,מיוחדת וחדשה,לב,אינדי,רגוע בבית,טיול בחוץ,נותן לשקט מקום,"בישול, שפה חדשה","להרגיש נוחות וביטחון, לגלות מקום חדש",לא,נפרד,למרקל מוסן גק קונדימנטום ותלברו נולום.
sglshrh@example.com,אריאל פרנקל,60,02-7245-445,אשה,צפון ת״א,שלישי,אין,קליל ונגיש,אנגלית בלבד,אמנות,חדש/ה בעיר,בזוגיות,המספר/ת סיפורים,לספר חוויות,8,3,3,9,4,10,2,4,1,2,3,9,6,משחקים,"הרפתקה, בר משחקים, גלריה",לצאת מהשגרה,מדי פעם,מרגש,מיוחדת וחדשה,ראש,מיינסטרים,מתוכנן מראש,קבוצה קטנה,ממלא מיד,בישול,"קליק עם מישהו, לגלות מקום חדש, להרגיש שייך, לצחוק הרבה",לא,ביחד,סוברט תוק ברומץ.
shylhmlmd@example.com,סיון אביטל,21,04-9615-842,אחר,דרום,"ראשון, שלישי, רביעי","כשר, טבעוני/ת",בינוני ונוח,עברית בלבד,בריאות,חדש/ה בעיר,בזוגיות,השואל/ת שאלות,לספר חוויות,9,2,7,1,9,9,8,9,8,2,10,7,4,קולנוע,בר משחקים,לגלות את העיר,לעיתים קרובות,מלחיץ,מיוחדת וחדשה,ראש,מיינסטרים,מסיבה/בר,אירוע גדול,נותן לשקט מקום,בישול,"לקבל השראה, קליק עם מישהו",כן,ביחד,ותלברו ערששף ליאמום הבקיץ איפסום קלאצי קוויס קלאצי.
lpr@example.com,אדל יוסף,58,031620529,אחר,צפון ת״א,"חמישי, שני",צמחוני/ת,בינוני ונוח,אנגלית בלבד,עסקים,סטודנט/ית,It's complicated,המקשיב/ה,לשתף תחביבים,3,5,3,3,3,4,9,8,5,3,1,5,9,קולנוע,"בר משחקים, ערב חוף",להכיר חברים,מדי פעם,מרגש,מיוחדת וחדשה,ראש,אינדי,מתוכנן מראש,אירוע גדול,נותן לשקט מקום,"שפה חדשה, נגינה","להרגיש נוחות וביטחון, להרגיש שייך, לגלות מקום חדש, שיחה משמעותית",לא,ביחד,בראיט שעותלשך סתשם מנק סולגק.
shm84@example.org,איתמר משה,25,055-8128840,אחר,דרום,"רביעי, ראשון",אין,בינוני ונוח,אנגלית בלבד,עסקים,סטודנט/ית,רווק/ה,המספר/ת סיפורים,לספר חוויות,1,1,4,8,1,8,10,3,7,2,5,8,8,"ספורט, אמנות, ספרות","גלריה, ארוחת ערב, ערב מוזיקה",לגלות את העיר,מדי פעם,מלחיץ,מיוחדת וחדשה,ראש,מיינסטרים,מתוכנן מראש,פעילות משותפת,תלוי בסיטואציה,"ספורט, בישול","להרגיש שייך, שיחה משמעותית, להרגיש נוחות וביטחון, קליק עם מישהו",לא,נפרד,קוויס שמחויט אלית למרקל מנק שהכים שמחויט שלושע.
lvnylvtm@example.com,טוהר כהן,35,055-0295134,גבר,מרכז,"שלישי, חמישי","ללא גלוטן, כשר",בינוני ונוח,אנגלית בלבד,סטודנט/ית,בתקופת מעבר,It's complicated,המספר/ת סיפורים,לשתף רגשות אינטימיות,2,2,5,3,8,7,9,7,10,10,7,8,4,טיולים,"ארוחת ערב, בר משחקים, גלריה",להכיר חברים,לפעמים רחוקות,מלחיץ,מוכרת ואהובה,לב,אינדי,ספונטני,אירוע גדול,ממלא מיד,"ספורט, שפה חדשה","שיחה משמעותית, להרגיש נוחות וביטחון",לא,נפרד,נובש לפתיעם נמרגי אס אס.
ylpsy@example.net,יהודה שורץ,51,056 881 9470,אחר,דרום,"ראשון, חמישי",כשר,בינוני ונוח,אנגלית בלבד,עסקים,עובד/ת ומבוסס/ת,בזוגיות,המספר/ת סיפורים,לספר חוויות,10,4,10,7,5,7,2,8,6,5,9,6,4,מוזיקה,"ערב חוף, הרפתקה, ערב מוזיקה",למצוא דומים לי,אף פעם,מרגש,מוכרת ואהובה,לב,אינדי,מתוכנן מראש,טיול בחוץ,נותן לשקט מקום,נגינה,"להרגיש שייך, שיחה משמעותית, לקבל השראה, לגלות מקום חדש",לא,נפרד,תצטנפל בעריר מונפרר אגת גדדיש איפסום.
okhn@example.org,מיכאל פלד,36,09-1558-212,אחר,דרום,"שלישי, שני",טבעוני/ת,קליל ונגיש,עברית בלבד,טכנולוגיה,סטודנט/ית,בזוגיות,המקשיב/ה,לספר חוויות,8,7,7,9,8,8,7,4,2,1,1,7,4,"קולנוע, קולינריה",הרפתקה,לגלות את העיר,מדי פעם,תלוי במצב רוח,מיוחדת וחדשה,לב,מיינסטרים,ספונטני,טיול בחוץ,תלוי בסיטואציה,"שפה חדשה, אמנות","שיחה משמעותית, קליק עם מישהו, להרגיש נוחות וביטחון, לקבל השראה",לא,נפרד,היושבב קולורס מונחף ניצאחו אקווזמן צופעט יבש יהול.
yshrlbyshy@example.com,יובל עדוי,63,042200594,גבר,מרכז,"שני, חמישי",אין,בינוני ונוח,אנגלית בלבד,עסקים,בתקופת מעבר,It's complicated,השואל/ת שאלות,לספר חוויות,5,1,4,1,7,2,9,5,4,2,10,3,4,"ספורט, מוזיקה, ספרות","בר משחקים, גלריה",לגלות את העיר,מדי פעם,טבעי,מיוחדת וחדשה,ראש,אינדי,מסיבה/בר,קבוצה קטנה,נותן לשקט מקום,אמנות,"קליק עם מישהו, להרגיש נוחות וביטחון, להרגיש שייך, לגלות מקום חדש",לא,נפרד,קורוס בריקנה יהול אדנדום.
yvtmmvshqvbyts@example.com,אורטל מחאמיד,55,03-9967-105,אשה,מרכז,"חמישי, שני, ראשון","צמחוני/ת, כשר",קליל ונגיש,גם וגם,טכנולוגיה,סטודנט/ית,בזוגיות,המספר/ת סיפורים,נושאים כלליים,2,5,9,8,4,8,10,5,9,7,3,5,1,"טיולים, קולינריה, משחקים","ארוחת ערב, ערב מוזיקה",להכיר חברים,אף פעם,תלוי במצב רוח,מיוחדת וחדשה,לב,אינדי,מתוכנן מראש,פעילות משותפת,תלוי בסיטואציה,"ספורט, נגינה","להרגיש שייך, להרגיש נוחות וביטחון",לא,ביחד,לפמעט כאנה שהכים ליבם אדנדום שערש.
khyhshpyr@example.net,ירדן שוקרון,65,02-4372-660,אחר,מרכז,"רביעי, שלישי, חמישי",אלרגיות,בינוני ונוח,אנגלית בלבד,סטודנט/ית,בתקופת מעבר,רווק/ה,שילוב,נושאים כלליים,7,7,5,9,10,1,4,1,8,2,10,1,3,"ספורט, משחקים",ארוחת ערב,להכיר חברים,מדי פעם,תלוי במצב רוח,מוכרת ואהובה,ראש,מיינסטרים,רגוע בבית,קבוצה קטנה,נותן לשקט מקום,אמנות,"לקבל השראה, לצחוק הרבה, להרגיש נוחות וביטחון",כן,נפרד,בריקנה לתכי פוסיליס וק.
rbqhlvy@example.net,נועם ברק,62,052 400 1913,אשה,צפון ת״א,"שני, שלישי",טבעוני/ת,מיוחד ומושקע,גם וגם,מסעדנות,בתקופת מעבר,רווק/ה,השואל/ת שאלות,לספר חוויות,2,4,6,10,10,10,7,10,7,2,8,6,4,"משחקים, קולינריה","ערב חוף, גלריה, הרפתקה",להכיר חברים,אף פעם,תלוי במצב רוח,מיוחדת וחדשה,ראש,אינדי,מסיבה/בר,טיול בחוץ,תלוי בסיטואציה,"בישול, שפה חדשה","להרגיש נוחות וביטחון, להרגיש שייך, לגלות מקום חדש",כן,ביחד,אקווזמן בורק? יהול שעותלשך.
zhrl@example.org,רז גואטה,39,08-0225-542,אשה,דרום,שלישי,צמחוני/ת,מיוחד ומושקע,עברית בלבד,מסעדנות,בתקופת מעבר,It's complicated,השואל/ת שאלות,לשתף תחביבים,4,8,9,6,5,2,9,2,4,3,6,2,7,"קולנוע, ספרות",ערב חוף,למצוא דומים לי,מדי פעם,טבעי,מוכרת ואהובה,לב,מיינסטרים,ספונטני,פעילות משותפת,ממלא מיד,"נגינה, בישול","לקבל השראה, קליק עם מישהו, להרגיש נוחות וביטחון",כן,נפרד,וחאית בעליק ותלברו לכימפו אלית בלינדו מרגשי.
ebsvl@example.com,דניאל עטיה,29,08-8710-954,אחר,דרום,"ראשון, שני",אין,בינוני ונוח,עברית בלבד,בריאות,בתקופת מעבר,בזוגיות,המספר/ת סיפורים,נושאים כלליים,7,3,1,6,8,5,6,8,4,8,4,9,3,"משחקים, טיולים",גלריה,להכיר שונים ממני,מדי פעם,טבעי,מיוחדת וחדשה,לב,אינדי,רגוע בבית,קבוצה קטנה,תלוי בסיטואציה,שפה חדשה,"לצחוק הרבה, קליק עם מישהו",כן,ביחד,שהכים וולופטה דלאמת סטום.
mvrytn@example.net,מחמוד כהן,48,02-8147-214,אשה,צפון ת״א,"שלישי, חמישי","צמחוני/ת, טבעוני/ת",קליל ונגיש,גם וגם,טכנולוגיה,חדש/ה בעיר,רווק/ה,השואל/ת שאלות,לספר חוויות,9,10,6,1,1,4,9,10,9,9,4,1,4,טכנולוגיה,"בר משחקים, גלריה",להכיר חברים,אף פעם,מרגש,מוכרת ואהובה,ראש,מיינסטרים,ספונטני,קבוצה קטנה,נותן לשקט מקום,בישול,"לגלות מקום חדש, לקבל השראה, להרגיש נוחות וביטחון, קליק עם מישהו",לא,ביחד,סוברט חשלו השמה איפסום וסטיבולום עמחליף סולגק.
mlkyslkh@example.org,הדר אביטבול,28,08-4785-973,אחר,צפון ת״א,חמישי,"טבעוני/ת, ללא גלוטן",בינוני ונוח,עברית בלבד,בריאות,חדש/ה בעיר,It's complicated,שילוב,לספר חוויות,7,4,9,2,2,6,8,10,3,9,3,6,2,"קולנוע, קהילה",ערב מוזיקה,לצאת מהשגרה,מדי פעם,מלחיץ,מיוחדת וחדשה,ראש,אינדי,רגוע בבית,טיול בחוץ,תלוי בסיטואציה,נגינה,"קליק עם מישהו, להרגיש שייך, לצחוק הרבה",כן,נפרד,מורגם לכנוץ חשלו נמרגי.
tlyhshrbyt@example.com,ליה אגבאריה,34,057 600 4843,גבר,לא משנה,רביעי,אין,בינוני ונוח,גם וגם,מסעדנות,בתקופת מעבר,רווק/ה,השואל/ת שאלות,נושאים כלליים,5,6,3,9,8,1,1,10,5,6,10,9,5,"קולינריה, מוזיקה",ערב חוף,למצוא דומים לי,מדי פעם,תלוי במצב רוח,מוכרת ואהובה,לב,מיינסטרים,מתוכנן מראש,אירוע גדול,נותן לשקט מקום,אמנות,"להרגיש שייך, לצחוק הרבה",לא,ביחד,רוגצה לורם סטום נובש.
lyhy46@example.net,אורי כץ,46,094452872,אחר,צפון ת״א,"ראשון, שני, חמישי",אלרגיות,מיוחד ומושקע,אנגלית בלבד,מסעדנות,חדש/ה בעיר,רווק/ה,השואל/ת שאלות,לספר חוויות,8,8,2,4,10,6,3,9,1,3,1,10,5,ספורט,"ערב חוף, הרפתקה",להכיר שונים ממני,לעיתים קרובות,מרגש,מיוחדת וחדשה,ראש,מיינסטרים,ספונטני,טיול בחוץ,ממלא מיד,"אמנות, ספורט","שיחה משמעותית, לגלות מקום חדש",לא,ביחד,נונסטי אלית מונפרר כאנה מנורך.
fmsrvh@example.org,אליהו לוי,61,053 262-4448,גבר,מרכז,"ראשון, שני, רביעי",כשר,קליל ונגיש,עברית בלבד,בריאות,סטודנט/ית,בזוגיות,השואל/ת שאלות,לספר חוויות,9,7,6,10,5,6,3,5,6,2,5,10,10,"קולינריה, טיולים","ערב מוזיקה, בר משחקים",להכיר שונים ממני,אף פעם,מרגש,מיוחדת וחדשה,ראש,מיינסטרים,מתוכנן מראש,פעילות משותפת,תלוי בסיטואציה,"נגינה, אמנות","שיחה משמעותית, להרגיש שייך",כן,נפרד,יבש נמרגי סת ברומץ קוויז איבן קלאצי.
bykhy71@example.net,מאיה חטיב,31,08-8787-175,אחר,דרום,"שני, רביעי","טבעוני/ת, ללא גלוטן",בינוני ונוח,אנגלית בלבד,סטודנט/ית,עובד/ת ומבוסס/ת,רווק/ה,שילוב,נושאים כלליים,7,5,3,3,4,7,6,2,4,3,4,10,9,"טיולים, משחקים","ארוחת ערב, הרפתקה, ערב מוזיקה",לגלות את העיר,לפעמים רחוקות,מלחיץ,מיוחדת וחדשה,לב,אינדי,רגוע בבית,אירוע גדול,נותן לשקט מקום,שפה חדשה,"שיחה משמעותית, להרגיש נוחות וביטחון",לא,ביחד,וק סולגק לורם ברומץ ברשג ברומץ.
shy-lykhtyb@example.net,אלכסנדר צרפתי,45,034485199,אשה,צפון ת״א,ראשון,"ללא גלוטן, כשר",קליל ונגיש,אנגלית בלבד,בריאות,עובד/ת ומבוסס/ת,רווק/ה,המספר/ת סיפורים,נושאים כלליים,7,7,7,1,10,7,7,5,9,4,9,1,6,"טכנולוגיה, קולנוע, אמנות","ערב חוף, גלריה, ערב מוזיקה",להכיר חברים,מדי פעם,טבעי,מוכרת ואהובה,ראש,מיינסטרים,ספונטני,טיול בחוץ,תלוי בסיטואציה,נגינה,"להרגיש נוחות וביטחון, להרגיש שייך, שיחה משמעותית, לגלות מקום חדש",כן,נפרד,מגמש אס וחאית ברומץ לתיג.
elvy@example.com,מרים גולדשטיין,65,03-7969-762,אחר,צפון ת״א,"ראשון, חמישי, שלישי","טבעוני/ת, אין",קליל ונגיש,גם וגם,מסעדנות,סטודנט/ית,רווק/ה,השואל/ת שאלות,נושאים כלליים,2,5,10,4,1,1,8,3,10,9,2,1,3,"טכנולוגיה, קהילה, ספרות","ערב מוזיקה, הרפתקה, בר משחקים",להכיר שונים ממני,מדי פעם,מלחיץ,מוכרת ואהובה,לב,אינדי,ספונטני,טיול בחוץ,ממלא מיד,"שפה חדשה, אמנות","לגלות מקום חדש, להרגיש נוחות וביטחון, קליק עם מישהו, לקבל השראה",לא,ביחד,לפתיעם דס הדש צוט.
glyqlyshb@example.com,דוד פוגל,42,03-5160-510,אשה,מרכז,חמישי,טבעוני/ת,קליל ונגיש,אנגלית בלבד,אחר,עובד/ת ומבוסס/ת,It's complicated,המקשיב/ה,לשתף תחביבים,4,1,6,2,2,3,6,10,5,6,8,7,3,"קולנוע, משחקים, מוזיקה","בר משחקים, ארוחת ערב",להכיר חברים,אף פעם,מלחיץ,מיוחדת וחדשה,לב,אינדי,מסיבה/בר,קבוצה קטנה,ממלא מיד,בישול,"להרגיש שייך, שיחה משמעותית, קליק עם מישהו",לא,ביחד,קלאצי סולגק יהול נונסטי לתכי לפמעט וולופטה חשלו.
tvmr94@example.com,אוראל חסן,61,088090412,גבר,דרום,"חמישי, ראשון","טבעוני/ת, כשר",קליל ונגיש,עברית בלבד,סטודנט/ית,חדש/ה בעיר,רווק/ה,השואל/ת שאלות,לספר חוויות,6,6,3,5,1,7,9,9,8,5,10,4,2,קהילה,הרפתקה,למצוא דומים לי,לעיתים קרובות,תלוי במצב רוח,מוכרת ואהובה,לב,אינדי,מסיבה/בר,פעילות משותפת,ממלא מיד,"נגינה, אמנות","לצחוק הרבה, לקבל השראה, שיחה משמעותית",לא,ביחד,ומרגשח תצטנפל בורק? ניבאה ליאמום לכימפו.
mshrbyt@example.org,ראובן אגבאריה,56,056-422-3323,אשה,מרכז,"ראשון, שלישי",ללא גלוטן,מיוחד ומושקע,אנגלית בלבד,סטודנט/ית,בתקופת מעבר,בזוגיות,השואל/ת שאלות,לספר חוויות,7,9,5,7,2,6,8,4,6,2,7,7,8,"טכנולוגיה, אמנות","בר משחקים, הרפתקה, גלריה",לגלות את העיר,מדי פעם,מרגש,מוכרת ואהובה,לב,אינדי,מסיבה/בר,אירוע גדול,נותן לשקט מקום,"אמנות, בישול","לגלות מקום חדש, להרגיש שייך",כן,נפרד,מנק איאקוליס גק יבש קלובר ומעיוט.
thlmh@example.net,נעמי כהן,34,086892748,אשה,לא משנה,"ראשון, רביעי, שני","כשר, טבעוני/ת",בינוני ונוח,גם וגם,בריאות,עובד/ת ומבוסס/ת,רווק/ה,שילוב,לשתף תחביבים,9,4,7,2,9,8,8,7,7,7,6,6,8,אמנות,ארוחת ערב,להכיר חברים,מדי פעם,טבעי,מיוחדת וחדשה,לב,אינדי,מתוכנן מראש,אירוע גדול,תלוי בסיטואציה,"שפה חדשה, ספורט","לקבל השראה, שיחה משמעותית",לא,נפרד,מונפרד בליקרה ארווס איף וחאית.
lynyvntn@example.com,אלמה שביט,37,04-8760-634,גבר,מרכז,שני,אין,בינוני ונוח,גם וגם,עסקים,בתקופת מעבר,רווק/ה,המקשיב/ה,לספר חוויות,2,4,6,4,10,5,6,1,3,4,3,1,4,"אמנות, קולנוע, מוזיקה","ארוחת ערב, גלריה",לצאת מהשגרה,לפעמים רחוקות,מלחיץ,מוכרת ואהובה,ראש,מיינסטרים,מסיבה/בר,טיול בחוץ,נותן לשקט מקום,אמנות,"קליק עם מישהו, לצחוק הרבה, להרגיש נוחות וביטחון, לקבל השראה",כן,נפרד,לפריקך הועניב גולר נון.
strybgy@example.net,שיראל בן לולו-גלעד,40,034072647,אשה,צפון ת״א,"שלישי, חמישי, רביעי",טבעוני/ת,מיוחד ומושקע,עברית בלבד,אמנות,חדש/ה בעיר,It's complicated,השואל/ת שאלות,נושאים כלליים,8,10,7,3,2,5,6,5,7,3,9,6,5,טכנולוגיה,"הרפתקה, ערב מוזיקה",למצוא דומים לי,לעיתים קרובות,מרגש,מיוחדת וחדשה,ראש,מיינסטרים,מסיבה/בר,אירוע גדול,נותן לשקט מקום,"שפה חדשה, נגינה","להרגיש נוחות וביטחון, שיחה משמעותית",כן,נפרד,ניבאה שעותלשך צופעט מגמש מונפרר אקווזמן.
khznyshkr@example.com,נטע כהן,30,08-3731-192,גבר,דרום,רביעי,"אלרגיות, צמחוני/ת",קליל ונגיש,אנגלית בלבד,אחר,חדש/ה בעיר,בזוגיות,המספר/ת סיפורים,לשתף תחביבים,6,6,7,7,7,3,9,10,1,6,9,7,4,קהילה,"ערב חוף, בר משחקים, גלריה",להכיר חברים,מדי פעם,טבעי,מוכרת ואהובה,לב,מיינסטרים,מסיבה/בר,אירוע גדול,ממלא מיד,"ספורט, נגינה","לצחוק הרבה, לקבל השראה",כן,ביחד,קלובר סחטיר קוויז בלינדו.
vvlpmnkhm@example.org,נריה נבו מושקוביץ,26,088565274,אשה,לא משנה,רביעי,"טבעוני/ת, אין",מיוחד ומושקע,אנגלית בלבד,סטודנט/ית,בתקופת מעבר,רווק/ה,שילוב,לשתף תחביבים,8,7,2,3,7,4,3,6,5,8,4,8,1,מוזיקה,"ארוחת ערב, ערב מוזיקה, הרפתקה",לגלות את העיר,מדי פעם,מלחיץ,מוכרת ואהובה,ראש,מיינסטרים,ספונטני,אירוע גדול,נותן לשקט מקום,שפה חדשה,"לצחוק הרבה, להרגיש נוחות וביטחון",כן,ביחד,בראיט בריקנה איף דומור נונסטי ניצאחו תצטריק מונחף.
bnymynbyshg@example.net,יהונתן אברמוב,46,046806559,אחר,מרכז,"חמישי, רביעי","אין, ללא גלוטן",בינוני ונוח,עברית בלבד,אמנות,בתקופת מעבר,בזוגיות,השואל/ת שאלות,לספר חוויות,2,2,9,1,1,10,7,8,8,8,8,8,2,"קולינריה, אמנות, קולנוע","הרפתקה, בר משחקים",לגלות את העיר,לעיתים קרובות,מלחיץ,מיוחדת וחדשה,לב,מיינסטרים,ספונטני,אירוע גדול,ממלא מיד,"נגינה, אמנות","לגלות מקום חדש, קליק עם מישהו",לא,נפרד,תרבנך בלובק דלאמת בלינך סכעיט.
umsh@example.com,שיר פלדמן,62,058-8426212,גבר,לא משנה,"שני, רביעי, ראשון",צמחוני/ת,קליל ונגיש,אנגלית בלבד,עסקים,בתקופת מעבר,It's complicated,השואל/ת שאלות,לשתף תחביבים,2,3,9,4,8,1,2,7,9,6,6,5,4,"אמנות, קולינריה",ארוחת ערב,להכיר חברים,לעיתים קרובות,טבעי,מוכרת ואהובה,לב,מיינסטרים,רגוע בבית,פעילות משותפת,ממלא מיד,בישול,"לגלות מקום חדש, להרגיש שייך, שיחה משמעותית, לצחוק הרבה",לא,נפרד,אדיפיסינג אס גדדיש ליאמום מונפרר.
yskh93@example.org,שמואל פרץ,27,026804562,אשה,צפון ת״א,"רביעי, שני","אלרגיות, טבעוני/ת",בינוני ונוח,עברית בלבד,טכנולוגיה,בתקופת מעבר,It's complicated,המספר/ת סיפורים,לשתף רגשות אינטימיות,7,6,8,1,7,10,3,4,3,4,5,8,7,"מוזיקה, טכנולוגיה","גלריה, ערב חוף, בר משחקים",לצאת מהשגרה,לפעמים רחוקות,מלחיץ,מוכרת ואהובה,ראש,אינדי,מסיבה/בר,קבוצה קטנה,נותן לשקט מקום,"אמנות, נגינה","להרגיש שייך, לקבל השראה, שיחה משמעותית",כן,נפרד,קוויס הועניב למרקל וואל כלרשט למרקל איבן איאקוליס.
khyymshny@example.com,ליבי כהן-יצחק,36,052 943 4195,אשה,לא משנה,שני,טבעוני/ת,מיוחד ומושקע,גם וגם,מסעדנות,בתקופת מעבר,It's complicated,השואל/ת שאלות,נושאים כלליים,3,8,9,9,10,2,3,8,4,7,1,4,7,"ספרות, משחקים, קהילה",גלריה,לגלות את העיר,מדי פעם,תלוי במצב רוח,מיוחדת וחדשה,לב,אינדי,ספונטני,אירוע גדול,ממלא מיד,ספורט,"לצחוק הרבה, לקבל השראה, להרגיש שייך",כן,ביחד,מונפרר איף מנכם אקווזמן.
khnmh@example.com,ליאור מאור,45,02-6812-873,גבר,לא משנה,ראשון,אלרגיות,בינוני ונוח,אנגלית בלבד,אחר,עובד/ת ומבוסס/ת,רווק/ה,שילוב,לשתף תחביבים,10,9,4,3,1,9,8,2,10,1,9,1,7,"קהילה, משחקים","בר משחקים, הרפתקה, ערב מוזיקה",להכיר שונים ממני,אף פעם,מרגש,מיוחדת וחדשה,לב,אינדי,מתוכנן מראש,אירוע גדול,תלוי בסיטואציה,"שפה חדשה, בישול","להרגיש נוחות וביטחון, לגלות מקום חדש, קליק עם מישהו, לקבל השראה",לא,ביחד,שלושע בלינך קוויס שעותלשך בראיט ומעיוט.
mrshm@example.com,הילל דהן,54,093555953,אחר,מרכז,"ראשון, חמישי, שני",אלרגיות,בינוני ונוח,גם וגם,עסקים,בתקופת מעבר,רווק/ה,השואל/ת שאלות,לשתף תחביבים,6,9,7,8,3,6,1,1,10,1,7,10,5,"קולנוע, ספורט, משחקים","ארוחת ערב, בר משחקים",לצאת מהשגרה,אף פעם,טבעי,מוכרת ואהובה,ראש,אינדי,מסיבה/בר,פעילות משותפת,ממלא מיד,נגינה,"לגלות מקום חדש, שיחה משמעותית, קליק עם מישהו",כן,נפרד,סטום מורגם מגמש נון איף קונדימנטום ניסי.
tllvrn@example.org,סתיו אלפסי,40,055-744-7685,גבר,לא משנה,"חמישי, שלישי","כשר, צמחוני/ת",מיוחד ומושקע,אנגלית בלבד,טכנולוגיה,חדש/ה בעיר,רווק/ה,המספר/ת סיפורים,לשתף רגשות אינטימיות,10,8,3,3,3,7,10,10,4,8,10,9,6,"ספורט, ספרות, משחקים","ערב חוף, ערב מוזיקה, ארוחת ערב",להכיר חברים,מדי פעם,תלוי במצב רוח,מוכרת ואהובה,לב,אינדי,ספונטני,טיול בחוץ,ממלא מיד,בישול,"לגלות מקום חדש, להרגיש נוחות וביטחון",כן,נפרד,וק וסתעד איף ברשג.
mvkhmd08@example.org,יונתן אנגל,22,022027236,אחר,לא משנה,"חמישי, רביעי, ראשון","צמחוני/ת, אלרגיות",קליל ונגיש,גם וגם,טכנולוגיה,בתקופת מעבר,בזוגיות,המקשיב/ה,נושאים כלליים,10,9,9,4,6,6,6,2,9,4,2,2,4,"מוזיקה, קולינריה, משחקים",ארוחת ערב,להכיר חברים,לפעמים רחוקות,מרגש,מוכרת ואהובה,ראש,אינדי,מסיבה/בר,טיול בחוץ,נותן לשקט מקום,"אמנות, ספורט","לגלות מקום חדש, לצחוק הרבה, לקבל השראה",כן,נפרד,מנורך לתכי איבן ליץ איבן אדיפיסינג טידום.
yvbyvsp@example.com,לידור סלע,22,052 022-5861,גבר,מרכז,"שני, חמישי",אין,בינוני ונוח,אנגלית בלבד,עסקים,סטודנט/ית,רווק/ה,המספר/ת סיפורים,נושאים כלליים,6,4,5,8,7,3,6,3,3,6,4,1,2,טיולים,ארוחת ערב,לגלות את העיר,לעיתים קרובות,מרגש,מוכרת ואהובה,לב,מיינסטרים,מתוכנן מראש,קבוצה קטנה,ממלא מיד,נגינה,"להרגיש נוחות וביטחון, לקבל השראה, שיחה משמעותית",כן,נפרד,ותלברו נשואי נולום וחאית בלובק.
hds79@example.com,שמואל עיסא,48,021364402,אשה,מרכז,"ראשון, חמישי",טבעוני/ת,קליל ונגיש,אנגלית בלבד,סטודנט/ית,סטודנט/ית,רווק/ה,השואל/ת שאלות,לשתף תחביבים,8,7,5,7,9,8,3,10,1,2,1,5,1,"קולינריה, ספרות, קהילה","ארוחת ערב, גלריה, הרפתקה",לגלות את העיר,לעיתים קרובות,מרגש,מיוחדת וחדשה,ראש,מיינסטרים,מתוכנן מראש,קבוצה קטנה,נותן לשקט מקום,שפה חדשה,"שיחה משמעותית, קליק עם מישהו, להרגיש שייך",כן,ביחד,זותה לקטוס מיחוצים מנק.
vrn74@example.com,אריאל גרינברג,64,054-0057661,אחר,דרום,"חמישי, שלישי, רביעי",אלרגיות,מיוחד ומושקע,עברית בלבד,סטודנט/ית,חדש/ה בעיר,בזוגיות,שילוב,לשתף תחביבים,2,5,4,1,10,3,2,9,3,7,7,6,9,טכנולוגיה,ערב חוף,לגלות את העיר,אף פעם,טבעי,מיוחדת וחדשה,לב,אינדי,מתוכנן מראש,אירוע גדול,תלוי בסיטואציה,ספורט,"לקבל השראה, לגלות מקום חדש",כן,נפרד,ולחת שמחויט שהכים איבן.
srvsydbvrh@example.org,אלון אלון,27,086264225,אחר,דרום,חמישי,"כשר, טבעוני/ת",בינוני ונוח,אנגלית בלבד,בריאות,בתקופת מעבר,רווק/ה,השואל/ת שאלות,לספר חוויות,3,8,4,8,3,9,3,7,6,3,3,6,9,"ספרות, מוזיקה, אמנות","גלריה, ערב חוף, הרפתקה",למצוא דומים לי,לעיתים קרובות,מלחיץ,מוכרת ואהובה,ראש,אינדי,מתוכנן מראש,פעילות משותפת,נותן לשקט מקום,"שפה חדשה, ספורט","שיחה משמעותית, לקבל השראה, קליק עם מישהו",כן,ביחד,איף טידום בעליק דס קרהשק.
lybyvz@example.org,נהוראי יפרח,53,089683181,גבר,לא משנה,שני,אין,קליל ונגיש,גם וגם,טכנולוגיה,עובד/ת ומבוסס/ת,רווק/ה,המספר/ת סיפורים,נושאים כלליים,5,3,5,9,9,6,7,10,6,4,3,1,5,ספרות,גלריה,למצוא דומים לי,לפעמים רחוקות,מלחיץ,מוכרת ואהובה,לב,מיינסטרים,מסיבה/בר,טיול בחוץ,נותן לשקט מקום,"אמנות, שפה חדשה","קליק עם מישהו, להרגיש שייך, לצחוק הרבה",לא,ביחד,תצטנפל היושבב וק אפאח ליבם בליקרה הכייר.
brhm33@example.net,מוחמד פחימה,37,049325140,אחר,צפון ת״א,"שני, ראשון, חמישי",טבעוני/ת,מיוחד ומושקע,אנגלית בלבד,טכנולוגיה,עובד/ת ומבוסס/ת,רווק/ה,השואל/ת שאלות,לשתף רגשות אינטימיות,3,6,2,5,1,2,8,10,7,6,7,6,5,קולנוע,"ארוחת ערב, ערב מוזיקה",לצאת מהשגרה,לעיתים קרובות,מרגש,מוכרת ואהובה,ראש,אינדי,מתוכנן מראש,קבוצה קטנה,נותן לשקט מקום,"נגינה, שפה חדשה","לצחוק הרבה, שיחה משמעותית",לא,ביחד,בלינך למרקוח מנורך.
grynbrgytn@example.net,יעקב מועלם,29,02-9848-817,אחר,צפון ת״א,"ראשון, חמישי",אין,קליל ונגיש,אנגלית בלבד,טכנולוגיה,סטודנט/ית,It's complicated,המספר/ת סיפורים,לשתף תחביבים,7,9,3,10,10,3,9,1,6,9,7,9,7,"משחקים, קולנוע, ספרות","בר משחקים, הרפתקה, גלריה",להכיר חברים,מדי פעם,טבעי,מיוחדת וחדשה,ראש,אינדי,מסיבה/בר,קבוצה קטנה,ממלא מיד,נגינה,"לקבל השראה, להרגיש נוחות וביטחון, לגלות מקום חדש",לא,נפרד,קלובר נולום לקטוס למרקל דול מנורך.
brhmtvrgmn@example.org,הדר הירש,22,09-4144-176,אחר,מרכז,שני,כשר,מיוחד ומושקע,אנגלית בלבד,אמנות,חדש/ה בעיר,בזוגיות,השואל/ת שאלות,לספר חוויות,10,9,1,8,2,3,5,6,4,5,2,9,2,"ספורט, קהילה",גלריה,לגלות את העיר,מדי פעם,מרגש,מוכרת ואהובה,ראש,מיינסטרים,ספונטני,טיול בחוץ,ממלא מיד,"ספורט, שפה חדשה","להרגיש שייך, לקבל השראה",לא,ביחד,השמה דס איפסום יהול לורם.
khnhprts@example.net,יעל אוחיון,25,055-2045971,גבר,לא משנה,"שלישי, ראשון",צמחוני/ת,בינוני ונוח,אנגלית בלבד,אחר,עובד/ת ומבוסס/ת,בזוגיות,השואל/ת שאלות,לספר חוויות,7,9,5,3,3,3,4,2,8,7,6,7,1,משחקים,"ארוחת ערב, ערב חוף",לגלות את העיר,אף פעם,תלוי במצב רוח,מיוחדת וחדשה,ראש,אינדי,מתוכנן מראש,טיול בחוץ,נותן לשקט מקום,"אמנות, בישול","לקבל השראה, לגלות מקום חדש, להרגיש נוחות וביטחון, לצחוק הרבה",לא,ביחד,נון קלובר בגורמי מא טידום וולופטה זותה.
rylgnym@example.org,ליבי נעים,59,093640126,גבר,לא משנה,"ראשון, שלישי",אלרגיות,מיוחד ומושקע,גם וגם,בריאות,עובד/ת ומבוסס/ת,It's complicated,השואל/ת שאלות,לספר חוויות,9,6,8,3,3,4,4,4,3,5,5,6,4,"טכנולוגיה, מוזיקה","הרפתקה, בר משחקים",להכיר חברים,לפעמים רחוקות,טבעי,מוכרת ואהובה,ראש,מיינסטרים,רגוע בבית,קבוצה קטנה,תלוי בסיטואציה,ספורט,"להרגיש שייך, שיחה משמעותית, לקבל השראה",לא,ביחד,השמה כלרשט וק מיחוצים הבקיץ.
lmhyqb@example.net,חנה זילברמן,29,055-205-6372,אשה,לא משנה,"שלישי, חמישי","אין, טבעוני/ת",בינוני ונוח,גם וגם,טכנולוגיה,עובד/ת ומבוסס/ת,בזוגיות,השואל/ת שאלות,לשתף רגשות אינטימיות,5,3,8,10,9,10,8,2,5,4,3,3,9,"מוזיקה, ספורט","הרפתקה, בר משחקים, גלריה",להכיר שונים ממני,לפעמים רחוקות,מרגש,מיוחדת וחדשה,לב,מיינסטרים,רגוע בבית,קבוצה קטנה,תלוי בסיטואציה,"ספורט, בישול","לקבל השראה, להרגיש שייך, לגלות מקום חדש",כן,נפרד,חשלו גק הבקיץ דלאמת איפסום.
ytn53@example.org,מנחם מנחם לוי,60,04-2445-916,גבר,מרכז,"ראשון, רביעי","צמחוני/ת, טבעוני/ת",בינוני ונוח,עברית בלבד,אחר,עובד/ת ומבוסס/ת,It's complicated,המקשיב/ה,נושאים כלליים,4,1,10,9,6,8,4,10,3,8,2,3,4,"ספורט, טיולים","ארוחת ערב, גלריה",להכיר חברים,לפעמים רחוקות,תלוי במצב רוח,מיוחדת וחדשה,לב,מיינסטרים,רגוע בבית,אירוע גדול,נותן לשקט מקום,נגינה,"לקבל השראה, להרגיש נוחות וביטחון, להרגיש שייך",כן,ביחד,מורגם מרגשי ברשג ניצאחו דז.
ylh61@example.com,אלה כהן,36,020060709,גבר,צפון ת״א,"חמישי, רביעי, שני",טבעוני/ת,קליל ונגיש,גם וגם,מסעדנות,עובד/ת ומבוסס/ת,בזוגיות,המקשיב/ה,לשתף רגשות אינטימיות,5,4,8,1,3,5,3,10,5,4,5,9,4,"ספרות, טיולים",ערב חוף,להכיר שונים ממני,מדי פעם,תלוי במצב רוח,מיוחדת וחדשה,לב,אינדי,מסיבה/בר,פעילות משותפת,נותן לשקט מקום,"נגינה, ספורט","להרגיש שייך, קליק עם מישהו",לא,נפרד,בורק? צוט איאקוליס בעריר אלמנקום.
vrn72@example.org,יהודית גבאי-נסאר,49,04-3104-404,גבר,מרכז,רביעי,"אלרגיות, צמחוני/ת",בינוני ונוח,גם וגם,עסקים,חדש/ה בעיר,רווק/ה,המספר/ת סיפורים,לשתף תחביבים,2,9,9,8,1,7,9,7,7,10,3,6,10,"קהילה, קולינריה, משחקים","גלריה, ארוחת ערב, ערב חוף",להכיר חברים,לפעמים רחוקות,טבעי,מיוחדת וחדשה,ראש,מיינסטרים,ספונטני,פעילות משותפת,תלוי בסיטואציה,"אמנות, נגינה","להרגיש נוחות וביטחון, לגלות מקום חדש",כן,ביחד,לתכי ברומץ קלובר הועניב דיאם.
nvyhkhn@example.com,חנה הדר,27,028106023,גבר,צפון ת״א,"שני, רביעי","טבעוני/ת, צמחוני/ת",קליל ונגיש,גם וגם,עסקים,עובד/ת ומבוסס/ת,בזוגיות,המקשיב/ה,לספר חוויות,2,10,4,10,6,4,6,10,6,10,9,4,7,טיולים,"הרפתקה, גלריה",לגלות את העיר,מדי פעם,מרגש,מיוחדת וחדשה,ראש,מיינסטרים,מתוכנן מראש,פעילות משותפת,ממלא מיד,"נגינה, בישול","קליק עם מישהו, לקבל השראה, שיחה משמעותית, לגלות מקום חדש",לא,ביחד,מנת אדיפיסינג סתשם זותה לכנו חשלו.
